Example Name,Problem Size,Threads,CARTS Config Actual Threads,CARTS Config Actual Nodes,Speedup (OMP/CARTS),CARTS Median Time (s),OMP Median Time (s),CARTS Correctness,OMP Correctness,CARTS Avg Time (s),CARTS Event L1-dcache-load-misses Avg,CARTS Event L1-dcache-load-misses Max,CARTS Event L1-dcache-load-misses Median,CARTS Event L1-dcache-load-misses Min,CARTS Event L1-dcache-load-misses Stdev,CARTS Event L1-dcache-loads Avg,CARTS Event L1-dcache-loads Max,CARTS Event L1-dcache-loads Median,CARTS Event L1-dcache-loads Min,CARTS Event L1-dcache-loads Stdev,CARTS Event L1-dcache-stores Avg,CARTS Event L1-dcache-stores Max,CARTS Event L1-dcache-stores Median,CARTS Event L1-dcache-stores Min,CARTS Event L1-dcache-stores Stdev,CARTS Event L1-icache-load-misses Avg,CARTS Event L1-icache-load-misses Max,CARTS Event L1-icache-load-misses Median,CARTS Event L1-icache-load-misses Min,CARTS Event L1-icache-load-misses Stdev,CARTS Event cache-misses:u Avg,CARTS Event cache-misses:u Max,CARTS Event cache-misses:u Median,CARTS Event cache-misses:u Min,CARTS Event cache-misses:u Stdev,CARTS Event cache-references:u Avg,CARTS Event cache-references:u Max,CARTS Event cache-references:u Median,CARTS Event cache-references:u Min,CARTS Event cache-references:u Stdev,CARTS Event cpu-clock:u Avg,CARTS Event cpu-clock:u Max,CARTS Event cpu-clock:u Median,CARTS Event cpu-clock:u Min,CARTS Event cpu-clock:u Stdev,CARTS Event cycle_activity.stalls_mem_any:u Avg,CARTS Event cycle_activity.stalls_mem_any:u Max,CARTS Event cycle_activity.stalls_mem_any:u Median,CARTS Event cycle_activity.stalls_mem_any:u Min,CARTS Event cycle_activity.stalls_mem_any:u Stdev,CARTS Event cycle_activity.stalls_total:u Avg,CARTS Event cycle_activity.stalls_total:u Max,CARTS Event cycle_activity.stalls_total:u Median,CARTS Event cycle_activity.stalls_total:u Min,CARTS Event cycle_activity.stalls_total:u Stdev,CARTS Event cycles:u Avg,CARTS Event cycles:u Max,CARTS Event cycles:u Median,CARTS Event cycles:u Min,CARTS Event cycles:u Stdev,CARTS Event dTLB-load-misses Avg,CARTS Event dTLB-load-misses Max,CARTS Event dTLB-load-misses Median,CARTS Event dTLB-load-misses Min,CARTS Event dTLB-load-misses Stdev,CARTS Event dTLB-store-misses Avg,CARTS Event dTLB-store-misses Max,CARTS Event dTLB-store-misses Median,CARTS Event dTLB-store-misses Min,CARTS Event dTLB-store-misses Stdev,CARTS Event iTLB-load-misses Avg,CARTS Event iTLB-load-misses Max,CARTS Event iTLB-load-misses Median,CARTS Event iTLB-load-misses Min,CARTS Event iTLB-load-misses Stdev,CARTS Event instructions:u Avg,CARTS Event instructions:u Max,CARTS Event instructions:u Median,CARTS Event instructions:u Min,CARTS Event instructions:u Stdev,CARTS Event l2_rqsts.all_code_rd:u Avg,CARTS Event l2_rqsts.all_code_rd:u Max,CARTS Event l2_rqsts.all_code_rd:u Median,CARTS Event l2_rqsts.all_code_rd:u Min,CARTS Event l2_rqsts.all_code_rd:u Stdev,CARTS Event l2_rqsts.code_rd_hit:u Avg,CARTS Event l2_rqsts.code_rd_hit:u Max,CARTS Event l2_rqsts.code_rd_hit:u Median,CARTS Event l2_rqsts.code_rd_hit:u Min,CARTS Event l2_rqsts.code_rd_hit:u Stdev,CARTS Event l2_rqsts.code_rd_miss:u Avg,CARTS Event l2_rqsts.code_rd_miss:u Max,CARTS Event l2_rqsts.code_rd_miss:u Median,CARTS Event l2_rqsts.code_rd_miss:u Min,CARTS Event l2_rqsts.code_rd_miss:u Stdev,CARTS Event l2_rqsts.miss:u Avg,CARTS Event l2_rqsts.miss:u Max,CARTS Event l2_rqsts.miss:u Median,CARTS Event l2_rqsts.miss:u Min,CARTS Event l2_rqsts.miss:u Stdev,CARTS Event mem_inst_retired.all_loads:u Avg,CARTS Event mem_inst_retired.all_loads:u Max,CARTS Event mem_inst_retired.all_loads:u Median,CARTS Event mem_inst_retired.all_loads:u Min,CARTS Event mem_inst_retired.all_loads:u Stdev,CARTS Event mem_inst_retired.all_stores:u Avg,CARTS Event mem_inst_retired.all_stores:u Max,CARTS Event mem_inst_retired.all_stores:u Median,CARTS Event mem_inst_retired.all_stores:u Min,CARTS Event mem_inst_retired.all_stores:u Stdev,CARTS Event resource_stalls.sb:u Avg,CARTS Event resource_stalls.sb:u Max,CARTS Event resource_stalls.sb:u Median,CARTS Event resource_stalls.sb:u Min,CARTS Event resource_stalls.sb:u Stdev,CARTS Event resource_stalls.scoreboard:u Avg,CARTS Event resource_stalls.scoreboard:u Max,CARTS Event resource_stalls.scoreboard:u Median,CARTS Event resource_stalls.scoreboard:u Min,CARTS Event resource_stalls.scoreboard:u Stdev,CARTS Event task-clock:u Avg,CARTS Event task-clock:u Max,CARTS Event task-clock:u Median,CARTS Event task-clock:u Min,CARTS Event task-clock:u Stdev,CARTS Iterations Ran,CARTS Iterations Requested,CARTS Max Time (s),CARTS Min Time (s),CARTS StdDev Time (s),CARTS Times (s),OMP Avg Time (s),OMP Event L1-dcache-load-misses Avg,OMP Event L1-dcache-load-misses Max,OMP Event L1-dcache-load-misses Median,OMP Event L1-dcache-load-misses Min,OMP Event L1-dcache-load-misses Stdev,OMP Event L1-dcache-loads Avg,OMP Event L1-dcache-loads Max,OMP Event L1-dcache-loads Median,OMP Event L1-dcache-loads Min,OMP Event L1-dcache-loads Stdev,OMP Event L1-dcache-stores Avg,OMP Event L1-dcache-stores Max,OMP Event L1-dcache-stores Median,OMP Event L1-dcache-stores Min,OMP Event L1-dcache-stores Stdev,OMP Event L1-icache-load-misses Avg,OMP Event L1-icache-load-misses Max,OMP Event L1-icache-load-misses Median,OMP Event L1-icache-load-misses Min,OMP Event L1-icache-load-misses Stdev,OMP Event cache-misses:u Avg,OMP Event cache-misses:u Max,OMP Event cache-misses:u Median,OMP Event cache-misses:u Min,OMP Event cache-misses:u Stdev,OMP Event cache-references:u Avg,OMP Event cache-references:u Max,OMP Event cache-references:u Median,OMP Event cache-references:u Min,OMP Event cache-references:u Stdev,OMP Event cpu-clock:u Avg,OMP Event cpu-clock:u Max,OMP Event cpu-clock:u Median,OMP Event cpu-clock:u Min,OMP Event cpu-clock:u Stdev,OMP Event cycle_activity.stalls_mem_any:u Avg,OMP Event cycle_activity.stalls_mem_any:u Max,OMP Event cycle_activity.stalls_mem_any:u Median,OMP Event cycle_activity.stalls_mem_any:u Min,OMP Event cycle_activity.stalls_mem_any:u Stdev,OMP Event cycle_activity.stalls_total:u Avg,OMP Event cycle_activity.stalls_total:u Max,OMP Event cycle_activity.stalls_total:u Median,OMP Event cycle_activity.stalls_total:u Min,OMP Event cycle_activity.stalls_total:u Stdev,OMP Event cycles:u Avg,OMP Event cycles:u Max,OMP Event cycles:u Median,OMP Event cycles:u Min,OMP Event cycles:u Stdev,OMP Event dTLB-load-misses Avg,OMP Event dTLB-load-misses Max,OMP Event dTLB-load-misses Median,OMP Event dTLB-load-misses Min,OMP Event dTLB-load-misses Stdev,OMP Event dTLB-store-misses Avg,OMP Event dTLB-store-misses Max,OMP Event dTLB-store-misses Median,OMP Event dTLB-store-misses Min,OMP Event dTLB-store-misses Stdev,OMP Event iTLB-load-misses Avg,OMP Event iTLB-load-misses Max,OMP Event iTLB-load-misses Median,OMP Event iTLB-load-misses Min,OMP Event iTLB-load-misses Stdev,OMP Event instructions:u Avg,OMP Event instructions:u Max,OMP Event instructions:u Median,OMP Event instructions:u Min,OMP Event instructions:u Stdev,OMP Event l2_rqsts.all_code_rd:u Avg,OMP Event l2_rqsts.all_code_rd:u Max,OMP Event l2_rqsts.all_code_rd:u Median,OMP Event l2_rqsts.all_code_rd:u Min,OMP Event l2_rqsts.all_code_rd:u Stdev,OMP Event l2_rqsts.code_rd_hit:u Avg,OMP Event l2_rqsts.code_rd_hit:u Max,OMP Event l2_rqsts.code_rd_hit:u Median,OMP Event l2_rqsts.code_rd_hit:u Min,OMP Event l2_rqsts.code_rd_hit:u Stdev,OMP Event l2_rqsts.code_rd_miss:u Avg,OMP Event l2_rqsts.code_rd_miss:u Max,OMP Event l2_rqsts.code_rd_miss:u Median,OMP Event l2_rqsts.code_rd_miss:u Min,OMP Event l2_rqsts.code_rd_miss:u Stdev,OMP Event l2_rqsts.miss:u Avg,OMP Event l2_rqsts.miss:u Max,OMP Event l2_rqsts.miss:u Median,OMP Event l2_rqsts.miss:u Min,OMP Event l2_rqsts.miss:u Stdev,OMP Event mem_inst_retired.all_loads:u Avg,OMP Event mem_inst_retired.all_loads:u Max,OMP Event mem_inst_retired.all_loads:u Median,OMP Event mem_inst_retired.all_loads:u Min,OMP Event mem_inst_retired.all_loads:u Stdev,OMP Event mem_inst_retired.all_stores:u Avg,OMP Event mem_inst_retired.all_stores:u Max,OMP Event mem_inst_retired.all_stores:u Median,OMP Event mem_inst_retired.all_stores:u Min,OMP Event mem_inst_retired.all_stores:u Stdev,OMP Event resource_stalls.sb:u Avg,OMP Event resource_stalls.sb:u Max,OMP Event resource_stalls.sb:u Median,OMP Event resource_stalls.sb:u Min,OMP Event resource_stalls.sb:u Stdev,OMP Event resource_stalls.scoreboard:u Avg,OMP Event resource_stalls.scoreboard:u Max,OMP Event resource_stalls.scoreboard:u Median,OMP Event resource_stalls.scoreboard:u Min,OMP Event resource_stalls.scoreboard:u Stdev,OMP Event task-clock:u Avg,OMP Event task-clock:u Max,OMP Event task-clock:u Median,OMP Event task-clock:u Min,OMP Event task-clock:u Stdev,OMP Iterations Ran,OMP Iterations Requested,OMP Max Time (s),OMP Min Time (s),OMP StdDev Time (s),OMP Times (s)
addition,500,1,1,1,3.207148,0.000685,0.002198,CORRECT,CORRECT,0.000685,2181566.20,2278026.00,2171899.50,2094025.00,47159.81,2850596.70,3375761.00,2782223.50,2394758.00,254581.04,1324227.40,1556302.00,1302937.00,1107576.00,112501.66,283080.30,475437.00,278217.50,68038.00,99419.04,1267462.70,1394543.00,1272303.00,1105595.00,78296.24,1568762.30,1756813.00,1549818.50,1345338.00,112403.11,2854.38,4271.59,4065.32,839.04,1680.27,12887512.90,16201163.00,13313558.50,8681491.00,2506049.60,23209592.20,28970287.00,23780675.50,16322177.00,4160555.73,29283860.20,32750621.00,31168301.00,23951250.00,3717769.91,19260.10,21096.00,19326.50,13659.00,2133.30,35714.70,36510.00,35778.00,34732.00,469.81,13044.20,17248.00,13055.00,5506.00,3060.48,12687813.40,24671394.00,11667693.50,10329446.00,4279774.84,206470.50,316361.00,247166.50,55388.00,103047.56,68342.50,95334.00,80427.00,24845.00,29235.32,138151.30,221087.00,166845.00,30623.00,73898.43,1703425.30,1837478.00,1742012.00,1547596.00,110916.80,3226880.20,7187659.00,2759694.50,2383338.00,1439077.50,1528682.20,3543761.00,1292146.00,1101481.00,731270.05,6999431.60,7539578.00,6944700.50,6874041.00,199454.06,1831961.50,2831428.00,1837150.50,1102323.00,492144.69,2854.37,4271.59,4065.31,839.03,1680.28,10,10,0.000737,0.000668,0.000020,0.000685; 0.000670; 0.000687; 0.000668; 0.000687; 0.000673; 0.000737; 0.000686; 0.000688; 0.000673,0.002255,45957.90,47229.00,45888.50,45233.00,544.66,961175.60,963200.00,960959.00,959551.00,1320.92,411437.10,413079.00,411263.00,409860.00,1251.44,43514.10,45173.00,43759.00,42156.00,854.60,8424.60,11973.00,7810.00,4651.00,2412.75,45607.50,47990.00,45415.00,43735.00,1376.82,99.10,411.39,65.53,59.84,109.75,982064.30,1076420.00,963576.00,905078.00,54021.45,2234403.10,2350164.00,2216805.00,2134597.00,81044.79,4891981.10,6114604.00,4744585.50,4681763.00,435030.66,3142.90,7169.00,2701.00,2622.00,1415.48,452.60,750.00,422.00,395.00,106.07,2406.10,5420.00,2063.50,1966.00,1061.69,4034303.10,4591305.00,3977050.50,3948666.00,196456.75,41812.30,45179.00,41577.50,39807.00,1640.36,21504.00,22504.00,21564.50,20649.00,655.20,20345.80,22719.00,19950.50,19072.00,1299.90,50361.10,54606.00,50789.00,44982.00,3168.96,959950.30,969928.00,957977.50,957290.00,4591.30,411613.60,417156.00,410491.50,409810.00,2795.84,12529.80,17842.00,12724.00,6741.00,3356.94,249380.50,364329.00,233441.00,225232.00,42223.68,99.10,411.39,65.52,59.84,109.75,10,10,0.002608,0.002147,0.000157,0.002608; 0.002471; 0.002187; 0.002150; 0.002217; 0.002210; 0.002149; 0.002147; 0.002165; 0.002243
addition,500,2,2,1,2.900513,0.000779,0.002260,CORRECT,CORRECT,0.000780,3648746.30,5371389.00,3454471.50,3380616.00,607210.96,15281170.80,69360978.00,8012008.00,6118587.00,19354507.22,5203817.90,34500983.00,1970958.50,1791786.00,10294526.38,498596.40,2920267.00,263489.00,73202.00,858342.07,2248888.20,3218296.00,2166602.00,2014325.00,346866.43,2674530.40,4437980.00,2517067.00,2314387.00,630345.18,3275.84,4831.04,4178.67,884.00,1640.43,20337106.80,24777134.00,20700264.00,17027215.00,2684468.86,35490505.30,43415298.00,35550345.50,30342435.00,4344407.08,54022242.80,61336431.00,54932100.50,45098644.00,5611254.15,27170.40,32868.00,27869.00,21787.00,3936.77,49864.10,53224.00,48925.50,48400.00,1892.68,12774.70,19633.00,13466.00,5229.00,4966.73,35391711.00,107486276.00,27291297.50,21220838.00,25739013.20,189910.60,421392.00,173604.50,59706.00,132488.73,63533.30,127341.00,59450.00,26974.00,36864.71,126451.50,294134.00,114175.50,32799.00,95691.86,2912907.50,3327297.00,2899391.00,2714455.00,200529.54,7880213.90,9906418.00,8184058.00,5753770.00,1275206.39,2006763.10,2160166.00,2012721.00,1834021.00,99157.23,11691282.40,12332970.00,11685076.00,11206918.00,305909.88,4003118.40,5032931.00,4066420.00,3230881.00,575238.29,3275.84,4831.04,4178.67,883.99,1640.44,10,10,0.000829,0.000728,0.000031,0.000784; 0.000785; 0.000774; 0.000740; 0.000728; 0.000822; 0.000774; 0.000829; 0.000793; 0.000774,0.002302,49348.60,59026.00,47933.00,47664.00,3492.00,1027761.10,1055284.00,1018808.00,1006989.00,17169.10,428292.80,445435.00,426976.00,422274.00,6745.45,51953.90,78569.00,47906.00,47661.00,9618.58,9125.90,18384.00,7418.50,6536.00,3723.65,53231.80,77780.00,49681.00,48401.00,8919.98,61.54,68.87,61.58,54.69,4.85,1154410.90,1694777.00,1050281.00,961051.00,281937.66,2938516.40,3687299.00,2833930.00,2446574.00,434090.54,5531231.30,7229148.00,5310936.00,5183769.00,608901.25,2902.50,2991.00,2912.00,2809.00,47.72,461.00,491.00,457.00,438.00,19.00,2305.90,2402.00,2288.50,2232.00,60.80,4171070.20,4278913.00,4150912.00,4117684.00,57292.08,49244.40,74360.00,46686.50,45048.00,8872.65,24838.50,32338.00,24105.00,23310.00,2681.09,24456.80,41996.00,22867.50,20798.00,6224.81,57648.00,79137.00,56746.00,49590.00,8199.34,1024432.80,1050908.00,1017897.00,1008434.00,17131.22,425604.70,437304.00,422959.50,418895.00,5549.01,20027.30,51850.00,13725.00,9187.00,14474.94,706272.40,944941.00,704611.50,514576.00,134186.10,61.53,68.87,61.58,54.69,4.86,10,10,0.002734,0.002074,0.000198,0.002734; 0.002534; 0.002327; 0.002331; 0.002074; 0.002235; 0.002284; 0.002202; 0.002150; 0.002153
addition,500,4,4,1,3.134369,0.000741,0.002321,CORRECT,CORRECT,0.000755,6188995.40,6498452.00,6162760.00,6074555.00,119323.81,47117464.50,61083142.00,48944160.50,24451739.00,11989120.09,2944001.50,6700519.00,2520212.50,2320976.00,1326521.71,285063.80,442777.00,276144.00,84640.00,129383.56,4006603.40,4117248.00,4005828.50,3856683.00,66900.23,4580493.50,4761922.00,4574569.50,4387336.00,127943.41,3383.88,4460.63,4352.83,1040.03,1604.02,40529669.50,45844601.00,39784276.00,35958833.00,2854851.55,72975288.40,80600718.00,73084940.50,63592705.00,4973744.31,121142555.90,139094644.00,121274304.00,105106215.00,11846767.02,28694.70,34807.00,29495.00,24609.00,3625.51,76772.40,80200.00,75531.00,74392.00,2404.37,11384.10,19467.00,12471.00,5713.00,4638.86,265514009.70,1842133478.00,95846120.50,53743015.00,554293928.01,260278.60,498903.00,259073.50,82522.00,141468.45,93187.30,216762.00,82886.00,33763.00,55360.00,167121.40,330214.00,173766.00,48779.00,89535.27,5196478.10,5724583.00,5169141.50,4957406.00,221193.19,57459593.60,142630220.00,45100550.50,35509652.00,32410824.82,2555293.70,2768506.00,2554148.50,2348818.00,135089.12,26139938.00,29468416.00,26286783.00,23983847.00,1758856.73,12260697.60,13328606.00,12327032.00,11021367.00,667699.56,3383.88,4460.62,4352.83,1040.03,1604.02,10,10,0.000849,0.000703,0.000050,0.000849; 0.000709; 0.000713; 0.000832; 0.000731; 0.000738; 0.000703; 0.000768; 0.000743; 0.000763,0.002348,53259.10,69388.00,51325.00,50526.00,5763.76,1160068.40,1315549.00,1147875.50,1081206.00,68347.00,463908.60,550947.00,455629.50,439458.00,32061.44,61556.30,108672.00,54831.00,53513.00,17014.92,9695.40,26614.00,8214.50,6257.00,5981.83,62397.50,94672.00,58086.50,54143.00,12183.48,65.63,71.83,65.42,55.08,4.89,1126102.50,1318226.00,1065562.00,1030365.00,111485.19,3816989.40,4540005.00,3807027.50,3097753.00,387306.68,6406676.30,7350514.00,6308192.00,5787091.00,556907.99,3014.80,3066.00,3015.50,2958.00,40.63,529.70,544.00,528.50,515.00,9.38,2612.60,2830.00,2582.00,2543.00,95.06,4496345.60,4692703.00,4437846.50,4354683.00,133644.83,52116.60,53111.00,52032.00,51352.00,641.93,25615.20,26780.00,25691.00,24030.00,903.69,26542.20,28188.00,26695.50,24981.00,1133.10,59933.70,64556.00,59805.50,54902.00,3051.30,1114791.40,1228436.00,1101834.50,1068177.00,48365.55,448102.40,467936.00,445034.50,435843.00,10688.93,15223.50,24122.00,13997.50,8840.00,4347.28,1679216.70,2410730.00,1759728.00,1091011.00,427655.09,65.63,71.83,65.42,55.08,4.89,10,10,0.002575,0.002166,0.000125,0.002575; 0.002524; 0.002372; 0.002399; 0.002256; 0.002309; 0.002269; 0.002274; 0.002333; 0.002166
addition,500,8,8,1,2.435518,0.000946,0.002304,CORRECT,CORRECT,0.001035,13143980.20,24512658.00,11481016.50,11318560.00,4089249.82,288167712.90,818856858.00,202899652.50,103161792.00,235636017.12,50738141.30,249787283.00,3706879.50,3051022.00,93325992.30,2833953.10,20415973.00,517430.50,99358.00,6254611.31,8523121.80,12481952.00,8130633.50,7723624.00,1429560.93,10185413.60,19346664.00,9046462.50,8543585.00,3338532.76,3701.07,4786.30,4632.15,1380.34,1582.11,88655908.80,100857916.00,87550430.50,80922835.00,6752083.58,174028180.40,199445913.00,173601460.50,146098294.00,15946448.38,315189375.50,356418147.00,313730178.50,279081886.00,23456500.65,46605.40,157384.00,33287.00,29374.00,39303.60,138794.70,175277.00,136276.00,129100.00,13468.63,32595.80,209441.00,11564.50,7041.00,62450.71,299023006.30,398249372.00,313608513.50,133485405.00,80909223.72,377131.30,1429635.00,263433.00,92173.00,400540.25,194958.70,1088032.00,90395.50,34710.00,319834.72,182168.00,345779.00,168251.50,56816.00,110954.86,9667659.00,10113905.00,9599398.00,9353536.00,243879.23,177655936.30,272410467.00,169995382.50,124811258.00,39856777.37,4033211.50,7179510.00,3135499.50,2715613.00,1798110.56,75809013.00,86782445.00,78732987.00,55118449.00,10724225.49,34958415.90,43815514.00,32306307.50,30994800.00,4930286.17,3701.07,4786.30,4632.15,1380.34,1582.11,10,10,0.001348,0.000795,0.000219,0.000813; 0.000943; 0.000795; 0.001270; 0.001348; 0.000949; 0.001139; 0.001339; 0.000872; 0.000880,0.002416,57354.20,58055.00,57253.50,56816.00,466.67,1476923.90,1799628.00,1418450.00,1329768.00,167761.15,524216.50,587056.00,513710.00,491606.00,32061.71,66575.80,68250.00,67042.50,64372.00,1303.80,7700.90,9526.00,7877.00,4892.00,1293.42,68513.70,74482.00,67679.50,64948.00,3436.54,67.47,73.62,67.75,60.98,4.14,1338667.00,1602682.00,1296832.50,1232971.00,119524.46,6247787.80,10786958.00,5785039.50,4782289.00,1776654.31,8371711.70,9924238.00,8248474.50,7518040.00,744038.68,3508.30,3792.00,3498.50,3306.00,130.08,695.70,725.00,696.00,665.00,18.35,3493.00,3666.00,3504.50,3347.00,102.89,5419407.60,6197240.00,5334593.50,4962528.00,444713.01,66947.40,98123.00,63659.50,62427.00,10989.19,32895.30,51247.00,30884.50,29509.00,6523.14,34083.30,46927.00,32778.00,30882.00,4585.92,75396.90,102685.00,73357.00,67315.00,9995.98,1403430.10,1682215.00,1356638.00,1232372.00,142912.85,510785.30,564251.00,502394.00,477963.00,27298.74,21573.70,33585.00,20560.00,16983.00,4506.73,3939900.20,8411864.00,3552400.00,2520117.00,1730305.62,67.47,73.62,67.75,60.98,4.14,10,10,0.003302,0.002077,0.000392,0.003302; 0.002824; 0.002530; 0.002466; 0.002373; 0.002077; 0.002129; 0.002113; 0.002235; 0.002109
addition,500,16,16,1,1.691706,0.001597,0.002703,CORRECT,CORRECT,0.001610,22187750.50,23187608.00,22058530.50,21982680.00,358371.06,632319603.90,723864108.00,651283087.00,472077132.00,90572555.02,9721228.50,33198005.00,6965277.00,6334909.00,8285197.29,495861.20,1476775.00,401246.50,233569.00,365007.11,17730159.70,18543711.00,17654936.00,17122642.00,473965.04,19287106.30,20375185.00,19183307.00,18567788.00,538686.01,3651.39,5320.02,3649.06,1967.36,1709.17,227815112.80,244006265.00,227083767.00,220596740.00,7299538.89,731532205.70,809401816.00,719182433.50,660314695.00,49889929.97,1214067223.40,1257841173.00,1202172109.50,1168928697.00,30085232.20,53400.50,67974.00,53823.00,44391.00,6741.71,243075.00,256934.00,243554.50,231441.00,8266.39,30509.40,44620.00,32289.50,17870.00,7455.70,1113925710.70,1391836856.00,1139203627.50,693018669.00,209513946.11,354833.00,1059697.00,313629.50,104529.00,297566.62,115891.70,269808.00,106397.00,41162.00,80148.59,239021.10,789990.00,207306.00,63467.00,222469.38,21143884.40,22179172.00,20994143.50,20667503.00,525565.16,706401053.60,2373165335.00,535237760.00,365968246.00,594177822.63,6766068.90,7674407.00,6705988.00,6235256.00,454254.98,459525575.20,524476797.00,447435286.00,392074985.00,48149738.18,122654319.70,127357496.00,121612626.50,116485224.00,3796666.60,3651.39,5320.02,3649.06,1967.36,1709.17,10,10,0.001717,0.001533,0.000062,0.001603; 0.001558; 0.001631; 0.001573; 0.001533; 0.001717; 0.001592; 0.001640; 0.001550; 0.001699,0.003022,80641.80,182584.00,69373.50,67694.00,35830.96,4547356.90,25015125.00,2098964.50,1842239.00,7222235.27,1173682.00,4843439.00,661200.00,613525.00,1330674.73,108406.70,343196.00,82631.00,79644.00,82527.21,12931.10,41505.00,9688.00,6537.00,10190.32,98123.70,221699.00,84989.00,78703.00,43512.80,101.89,222.53,86.17,75.63,43.82,3127106.80,11844009.00,1932279.50,1730950.00,3094844.00,48153876.30,343646448.00,12161798.00,8976132.00,104573300.79,79215779.50,502293212.00,15706779.00,12536581.00,156566131.51,5716.40,11116.00,4952.50,4245.00,2140.76,1060.60,1269.00,1021.00,1001.00,82.66,5071.70,5357.00,5017.00,4877.00,169.42,8230353.90,18382804.00,7239278.00,6702137.00,3583286.88,77884.40,83143.00,77457.00,74752.00,2453.75,42678.80,45272.00,42487.50,40826.00,1597.30,35271.20,38560.00,34211.00,32387.00,2384.94,86376.60,92454.00,85103.00,81439.00,4318.70,6342706.00,46502274.00,1829052.00,1719575.00,14111719.69,1434999.50,8768860.00,608784.50,589293.00,2577063.24,58130.80,127285.00,44084.50,37661.00,33450.24,44209334.40,332431927.00,8374440.00,6099869.00,102009831.43,101.89,222.53,86.17,75.63,43.82,10,10,0.004843,0.002608,0.000728,0.004843; 0.002970; 0.002743; 0.002630; 0.002608; 0.003759; 0.002630; 0.002725; 0.002636; 0.002680
cholesky,128,1,1,1,0.002719,0.841066,0.002287,CORRECT,CORRECT,0.876771,88603919.80,89043488.00,88590410.50,88140589.00,320047.64,1454185723.90,1461831582.00,1452008021.50,1449762861.00,4208513.26,846053135.40,849729677.00,844968202.00,843811997.00,2054038.02,1808879.20,2393090.00,1806627.00,997607.00,384448.93,23351067.10,24275227.00,23311618.00,22119630.00,624441.85,99498867.20,99828064.00,99638331.00,98930552.00,323438.42,15312.69,16930.14,14775.97,14660.89,911.86,1453221068.00,1497767841.00,1449482560.00,1419348796.00,25286028.88,1544977923.50,1588846437.00,1545701209.00,1503686497.00,26492953.27,3644882069.00,3707221239.00,3644840695.00,3590567821.00,35675804.00,13861977.20,13955317.00,13855202.00,13753393.00,71324.03,786176.00,913061.00,787664.50,710967.00,57047.60,159690.10,223613.00,141402.00,124770.00,36136.11,5659494350.80,5718132468.00,5650075055.00,5649456101.00,22148924.01,1727148.80,2830441.00,1550932.50,1453868.00,431781.95,827306.90,1630730.00,678242.00,650713.00,323915.97,899968.30,1200042.00,861479.00,803285.00,117671.12,103643801.70,105217727.00,103498549.00,102579386.00,1007303.16,1453024800.70,1465669815.00,1451703632.50,1451371676.00,4445707.10,845506341.30,851660129.00,844856052.50,844715812.00,2163249.56,17040423.10,17770817.00,16928241.50,16634727.00,375102.53,70385517.10,92946665.00,69345442.50,60440128.00,9065356.32,15312.69,16930.14,14775.97,14660.89,911.86,10,10,0.982710,0.834454,0.059707,0.960106; 0.838793; 0.855260; 0.834454; 0.982710; 0.843184; 0.942470; 0.834612; 0.837175; 0.838947,0.002356,657651.90,673779.00,654765.50,637492.00,11710.43,5278603.20,5280282.00,5278516.50,5274494.00,1769.66,1000301.00,1002029.00,1000256.00,996240.00,1777.79,45339.70,46984.00,45523.50,43826.00,993.05,10934.30,12376.00,10670.50,9583.00,856.19,53974.20,56390.00,54213.00,51528.00,1681.51,88.37,92.05,87.85,84.10,2.43,2365443.20,2645359.00,2298872.00,2169525.00,162615.59,3806120.60,4169953.00,3766519.50,3528499.00,229383.31,10634932.50,10883800.00,10608704.00,10527198.00,119768.33,2976.10,3128.00,2977.50,2815.00,105.36,1371.20,1404.00,1365.00,1349.00,21.33,2192.00,2503.00,2151.00,2099.00,124.74,14065813.30,14075789.00,14065182.50,14055157.00,7564.99,51156.60,94543.00,43495.50,42264.00,17853.60,24572.70,40848.00,21706.50,20574.00,6600.07,26600.90,53654.00,21751.00,20723.00,11261.31,67440.80,109397.00,61097.50,54494.00,17243.32,5276172.40,5278196.00,5276160.50,5274908.00,998.92,999732.20,1001078.00,999962.50,998276.00,872.64,219357.40,316729.00,237423.50,60465.00,75158.31,314984.00,388125.00,293810.50,283943.00,35805.26,88.37,92.05,87.87,84.09,2.43,10,10,0.002702,0.002203,0.000169,0.002549; 0.002453; 0.002702; 0.002233; 0.002210; 0.002408; 0.002203; 0.002224; 0.002288; 0.002286
cholesky,128,2,2,1,0.002974,0.880162,0.002618,CORRECT,CORRECT,0.900985,91702987.60,92969341.00,91901853.50,90269130.00,820622.30,3263605226.40,3364460246.00,3249525372.50,3193871086.00,58528393.42,1591205978.20,1631779154.00,1585548926.50,1557023218.00,25172955.95,4334220.40,5635847.00,4212432.00,3872995.00,512593.71,23593118.60,24108392.00,23719654.00,22633667.00,474294.58,101146007.60,101362627.00,101137288.00,100835358.00,193200.48,15833.55,16514.47,15645.83,15304.88,460.66,2562496686.60,3477083027.00,2373441523.00,2275711046.00,399983940.36,3916340297.70,5121789001.00,3684683876.00,3555050796.00,509942765.57,7916628508.90,8173941541.00,7882409434.00,7718070340.00,137451969.15,13942081.80,14051666.00,13927697.00,13851229.00,71454.42,596935.70,609379.00,599166.50,579512.00,8584.38,146274.40,192800.00,133620.50,125677.00,25062.67,10068291050.00,10284769421.00,10034019228.00,9882816774.00,114775909.95,4337831.10,5758884.00,4227596.50,3878871.00,568864.16,3343108.90,4333587.00,3275546.50,2985667.00,400939.82,994765.70,1425385.00,918737.50,860439.00,188186.19,111428511.60,113787929.00,111517068.50,108719072.00,1568606.06,3300662886.70,3542317798.00,3253319352.00,3183819020.00,103400373.57,1608991055.50,1719712120.00,1586731704.50,1557849745.00,46899829.81,23330001.30,44678584.00,18286052.50,17135869.00,9410243.05,2209054058.60,2511253267.00,2177283476.00,2105820735.00,127232450.72,15833.55,16514.47,15645.83,15304.88,460.66,10,10,0.980659,0.868245,0.040694,0.980659; 0.870437; 0.946259; 0.877543; 0.882782; 0.868245; 0.944663; 0.895127; 0.870393; 0.873741,0.002637,1043945.00,4489766.00,665326.00,638513.00,1210778.28,12210454.40,69695224.00,5804762.50,5752855.00,20198182.82,4433214.10,34026744.00,1131241.00,1123334.00,10398162.33,272308.70,2141619.00,53844.50,50988.00,657218.30,135927.60,1232575.00,11272.50,9085.00,385396.48,311806.90,2361091.00,74524.50,71625.00,720329.47,92.12,102.48,90.38,85.21,6.18,4005933.70,13056824.00,2827195.50,2570934.00,3222231.29,9918590.90,30143682.00,7388930.00,6977587.00,7151375.85,17306620.10,24876242.00,15120007.50,14920197.00,3752312.89,5000.60,20538.00,3287.00,3188.00,5459.56,3405.00,18287.00,1755.00,1724.00,5229.05,3387.20,11163.00,2553.00,2360.00,2733.55,33334092.80,190220177.00,15908009.50,15843422.00,55124157.66,72907.80,233525.00,50394.50,48391.00,57412.96,39851.70,156864.00,25855.00,24622.00,41254.95,33123.50,76706.00,25087.00,22993.00,16956.22,365613.70,2890714.00,81611.50,72251.00,887299.02,11043486.60,53437288.00,5825566.00,5799202.00,14949878.15,3961249.80,27103640.00,1137632.00,1131847.00,8155454.16,374613.70,1742100.00,261265.50,44878.00,496961.61,3819901.10,4863290.00,3726848.50,3539793.00,383466.20,92.12,102.48,90.37,85.21,6.18,10,10,0.002792,0.002469,0.000123,0.002774; 0.002786; 0.002514; 0.002541; 0.002792; 0.002538; 0.002600; 0.002723; 0.002635; 0.002469
cholesky,128,4,4,1,0.002934,0.904048,0.002652,CORRECT,CORRECT,1.015871,157408294.80,167397126.00,156951452.50,151154881.00,4171476.17,4620053391.30,5210208131.00,4578467887.50,4434211693.00,226401005.41,2156368359.70,2356425056.00,2145404459.00,2088267647.00,79539979.20,4099495.00,4530197.00,4195180.00,3517453.00,317584.63,25740228.90,29625990.00,25407138.50,24742122.00,1453256.83,195481334.30,211735483.00,194516531.00,184471121.00,7230680.14,16425.16,17363.70,16263.36,15998.03,399.84,7044626499.10,7321870265.00,7045323656.50,6852422786.00,146654613.47,11144490483.90,11750167468.00,11152072993.50,10866492764.00,256076655.39,16510550036.90,17422121653.00,16392086440.50,16109241816.00,390829112.99,13930503.20,14010266.00,13927459.50,13857442.00,44557.95,630317.20,647783.00,628998.50,619056.00,9221.83,144950.80,163006.00,141446.50,134025.00,10545.78,12832320666.60,13294845430.00,12820993774.50,12434266750.00,265625494.37,4048051.50,4420566.00,4056237.50,3619482.00,204500.18,3141354.30,3432714.00,3163880.50,2794140.00,162278.22,906805.50,988069.00,904142.50,825311.00,52016.89,204981505.10,210001559.00,205452459.50,198343981.00,3260795.01,4561994512.20,5021508077.00,4503186082.50,4405188103.00,176958228.75,2115838944.60,2163507477.00,2101509019.00,2068319756.00,33154258.97,34857607.30,38853387.00,34462264.00,31354174.00,2072106.17,9881114154.60,10029306501.00,9912419262.00,9690794638.00,117474145.03,16425.16,17363.70,16263.36,15998.03,399.84,10,10,1.960737,0.875719,0.333573,1.960737; 0.894768; 0.977843; 0.902153; 0.905943; 0.882889; 0.885784; 0.954763; 0.875719; 0.918107,0.002651,679735.70,689838.00,678993.50,668387.00,7549.25,6738384.60,6854792.00,6719047.00,6676455.00,63383.96,1321499.80,1371302.00,1314276.00,1301160.00,22709.56,64200.20,82798.00,61897.00,59197.00,7127.71,14917.10,25980.00,12817.50,10169.00,5338.32,106575.20,114157.00,106852.00,100370.00,3987.60,94.55,118.11,92.50,81.97,9.41,3392174.30,4006513.00,3355317.00,2966023.00,365783.87,14153286.40,14954283.00,14248880.00,13160967.00,572311.67,24005576.20,26463882.00,23538611.50,22697290.00,1188740.84,3600.80,3821.00,3585.50,3425.00,117.23,1731.40,1782.00,1730.50,1691.00,26.35,2944.60,3076.00,2940.00,2858.00,73.33,19005017.70,20008307.00,18792400.00,18664864.00,431743.89,66528.80,117590.00,57969.00,55663.00,20336.96,31603.10,51824.00,28619.00,27207.00,7811.59,34966.50,65897.00,29700.50,27825.00,12648.09,119112.00,181151.00,111104.50,103183.00,23522.79,6786219.90,6997424.00,6731076.50,6692219.00,112684.36,1342217.80,1435293.00,1318534.50,1301364.00,49266.43,224722.40,391579.00,247198.50,52772.00,141808.76,10216591.20,10660708.00,10226933.50,9776528.00,325618.61,94.55,118.10,92.50,81.97,9.41,10,10,0.002936,0.002405,0.000166,0.002803; 0.002649; 0.002791; 0.002656; 0.002581; 0.002936; 0.002688; 0.002426; 0.002573; 0.002405
cholesky,128,8,8,1,0.002157,1.266344,0.002731,CORRECT,CORRECT,1.354579,218315143.00,237813102.00,216721619.00,204440376.00,9185224.98,6963390893.70,7640172906.00,7020547713.50,6212172216.00,464736890.63,3112747327.00,3407246534.00,3149136672.50,2795992148.00,185352476.02,4845946.70,10110720.00,4306584.00,3897294.00,1862085.92,29334640.60,30977531.00,29364107.50,28027503.00,1036610.35,284484501.60,312588777.00,282156394.50,263516660.00,13411896.95,20900.89,22601.59,20897.41,19930.70,864.70,25421471327.50,28901776011.00,24934730633.50,22904989256.00,2482688479.90,34199863732.50,38028603673.00,34116153646.00,30948526264.00,2927034830.25,41296093446.40,44934652526.00,41171920101.50,39075015737.00,1811352834.23,13940993.50,13991983.00,13946048.50,13851538.00,44402.13,658799.50,695366.00,658669.00,617891.00,31016.21,229124.50,298211.00,221468.50,175357.00,41788.55,18698390916.40,19731796125.00,18744636949.00,17020848835.00,784218672.48,4289710.90,4707101.00,4294006.50,4051839.00,201774.43,3415543.20,3682772.00,3413612.00,3218797.00,147141.87,874252.30,1024400.00,854443.50,810867.00,64720.27,295007872.80,306964345.00,296202156.50,283147588.00,9472144.52,7144104131.70,7473074903.00,7212744492.50,6590716212.00,315460370.87,3184500370.60,3354950291.00,3204233804.50,2950897775.00,141242386.74,102985957.80,127412243.00,109177925.50,61231088.00,21795295.43,30713432755.20,34507867083.00,30339683477.50,28030908030.00,2601684139.91,20900.89,22601.59,20897.41,19930.70,864.70,10,10,2.420602,1.085844,0.387539,1.306782; 1.184239; 1.145965; 1.253109; 1.381628; 1.360502; 1.127539; 1.279579; 2.420602; 1.085844,0.002758,708504.50,746974.00,705925.50,684445.00,16588.42,9136981.30,10746127.00,8905181.50,8653391.00,637505.22,1943473.20,2650533.00,1831310.50,1756838.00,281147.59,77982.30,81546.00,77547.00,76077.00,1733.55,12441.30,14975.00,12262.00,10222.00,1271.95,160889.30,214766.00,151295.50,147032.00,21783.81,116.13,287.69,96.85,89.27,60.52,17688107.80,82622635.00,4331788.00,4179013.00,28501891.03,56272927.40,193390420.00,27770063.50,26804028.00,60766289.94,41361943.90,50363257.00,40169294.00,39049452.00,3404693.20,4383.20,5569.00,4287.50,4024.00,437.27,1942.80,2125.00,1931.50,1885.00,68.64,4107.20,5672.00,3968.00,3664.00,566.83,25717049.50,27227821.00,25686685.00,24668900.00,697950.77,83295.80,137326.00,73597.50,71987.00,20229.55,39630.40,68211.00,36872.00,33418.00,10172.45,43723.50,69097.00,38701.00,35435.00,10725.45,164053.90,226164.00,158766.50,142701.00,24246.49,8782786.90,9038007.00,8786579.00,8548626.00,157033.74,1791418.30,1888272.00,1793087.00,1688728.00,68531.33,278330.00,347314.00,290527.00,173499.00,53612.78,54051141.40,198560033.00,24130595.00,23293591.00,63971013.03,116.12,287.69,96.85,89.27,60.52,10,10,0.003508,0.002351,0.000362,0.003508; 0.002831; 0.002474; 0.002351; 0.002660; 0.002803; 0.002587; 0.002877; 0.003138; 0.002351
cholesky,128,16,16,1,0.001920,2.138780,0.004106,CORRECT,CORRECT,2.139693,396973069.40,405150058.00,398476356.00,386375262.00,7042027.12,15118672056.50,15426898670.00,15235412235.50,14704637754.00,291422159.07,6367799730.60,6506828367.00,6377159987.00,6216811793.00,99839957.37,5326516.10,8020329.00,5209178.50,2919468.00,1674978.75,40147311.60,42263132.00,40156445.00,38417061.00,995698.64,656986045.90,695631529.00,660611019.50,589976435.00,31979697.03,37743.22,40810.84,37429.63,37075.41,1103.75,106407216929.60,109274322444.00,106919525114.00,103019752375.00,2135562175.77,129361479443.60,132750313818.00,129965573835.50,125396561022.00,2335671128.39,145717247370.30,147431413039.00,145504687241.50,144317584204.00,1140494594.25,14212970.60,14250704.00,14213059.00,14176716.00,27414.74,773104.70,786032.00,774515.00,759835.00,8131.09,632865.50,800623.00,623692.50,523181.00,82761.98,37763163472.10,39026663958.00,37808817180.50,36519860546.00,812406432.51,4420268.70,5359637.00,4776351.50,2589806.00,958702.96,3608975.10,4464554.00,3981270.50,1818416.00,950689.12,811382.60,895124.00,807921.00,760996.00,38663.85,685440992.50,727281701.00,684799610.00,639252257.00,28950775.27,15155283161.90,15607600832.00,15122748685.00,14914453412.00,198006052.99,6423675037.60,6753803186.00,6393623864.50,6310321100.00,129444987.90,519768177.10,639178248.00,550037540.50,311270557.00,108432449.91,115647590486.60,118576606324.00,116321629229.00,111270916638.00,2257726055.93,37743.22,40810.84,37429.63,37075.41,1103.75,10,10,2.232749,2.089345,0.043003,2.143628; 2.164596; 2.164638; 2.232749; 2.090463; 2.137063; 2.140496; 2.097904; 2.136049; 2.089345,0.005547,1023268.80,3558318.00,740809.50,733142.00,890754.37,24299740.60,120293408.00,13791769.00,12496759.00,33731807.85,7773102.60,50799716.00,3028075.00,2779694.00,15118448.00,100638.90,149325.00,95912.00,90491.00,17351.07,14631.20,29205.00,12788.00,11647.00,5232.92,598764.60,3944294.00,226801.00,210603.00,1175532.87,144.27,250.34,118.96,98.97,54.14,42174344.90,165362138.00,8171110.00,7166497.00,60275938.70,140044047.30,415496985.00,63884879.50,60819959.00,135364888.24,183085042.60,566267163.00,86946003.50,84476466.00,201773965.59,8069.10,15229.00,6852.00,5625.00,3199.85,2360.50,2512.00,2350.50,2286.00,68.10,5860.50,7501.00,5751.00,5402.00,599.20,58548524.50,208273340.00,41656563.00,39836945.00,52625135.84,96084.40,127842.00,91401.50,87595.00,11930.78,51054.00,62302.00,50358.50,46912.00,4492.92,45072.80,65533.00,42956.50,36657.00,8558.17,367137.40,1460412.00,243328.00,220416.00,384656.48,21176822.60,87024050.00,13901272.00,13428069.00,23137351.64,6325713.80,35690938.00,3067228.00,2944684.00,10318062.22,4544877.20,20655122.00,331960.50,284423.00,7458860.15,128791298.80,386486547.00,57280939.50,54509422.00,127194210.04,144.27,250.34,118.95,98.97,54.14,10,10,0.010543,0.002719,0.002527,0.003743; 0.008454; 0.007183; 0.006628; 0.003981; 0.004043; 0.004170; 0.002719; 0.010543; 0.004007
convolution,50,1,1,1,0.008038,0.234013,0.001881,CORRECT,CORRECT,0.238895,21291003.10,21553266.00,21239981.00,21077911.00,174383.13,299530067.70,306658964.00,297344891.00,297190245.00,3384177.34,171985073.30,175296919.00,170891392.50,170818194.00,1652916.80,740479.50,1403822.00,633894.00,552143.00,254422.28,14507766.80,15045089.00,14468235.00,14175814.00,254298.22,27046753.30,27376600.00,27010695.00,26833231.00,179379.76,5392.55,5963.57,5295.03,5200.47,240.02,708615688.20,770141104.00,700235706.50,682860767.00,26183077.97,746295293.30,819475402.00,734764138.50,713035267.00,34206215.38,1254923163.10,1448369972.00,1218749067.50,1200959809.00,82748614.84,2427764.60,2509941.00,2421250.50,2409583.00,29387.51,165547.90,184794.00,164827.00,152299.00,8555.52,59498.50,124383.00,51237.50,37260.00,25531.12,1190317502.20,1203143211.00,1187327326.00,1187227093.00,5684919.01,1316746.70,3245748.00,624775.50,518227.00,1114170.98,804246.40,2185099.00,344147.50,306966.00,725850.58,512574.40,1308811.00,286199.50,211314.00,396291.78,41794351.90,43231125.00,41324540.00,41150267.00,772150.83,362058436.40,872766303.00,298756381.00,297184417.00,180414091.99,200643793.60,430883492.00,171654975.00,170817565.00,81489077.57,11411223.50,14736453.00,10827081.50,10074114.00,1630505.41,16745193.20,25833215.00,16128672.50,13377485.00,3653509.41,5392.55,5963.57,5295.03,5200.47,240.02,10,10,0.265907,0.231768,0.010786,0.265907; 0.235960; 0.238400; 0.234202; 0.233496; 0.233824; 0.232726; 0.231768; 0.249422; 0.233248,0.002963,307497.20,2387191.00,65597.00,64681.00,731352.29,5942432.20,46359489.00,1341711.50,1337353.00,14204540.72,3116120.10,27299560.00,372207.50,368719.00,8498729.73,250359.90,1874077.00,44729.50,43117.00,574831.31,87598.00,709430.00,10997.50,9471.00,219534.65,205595.90,1399601.00,59230.50,55858.00,421417.67,74.19,112.55,70.29,64.86,13.72,2075509.00,11080400.00,1049727.50,995138.00,3164595.57,4423624.40,22496421.00,2399037.50,2293811.00,6350699.71,7228989.70,22021118.00,5598285.00,5391356.00,5198981.82,10416.10,76462.00,3019.00,2883.00,23206.94,2025.40,5193.00,1681.00,1627.00,1113.26,2203.60,2689.00,2137.50,2001.00,200.30,18325109.30,142799865.00,4499530.50,4469571.00,43735972.88,42801.70,48151.00,41955.00,41022.00,2123.28,20869.00,23274.00,20629.00,19486.00,1249.72,21957.10,25074.00,21590.00,20719.00,1375.05,65430.70,71623.00,65368.00,57115.00,4272.05,1331980.70,1338416.00,1335817.00,1308292.00,9022.44,365490.70,371323.00,369402.00,341841.00,8980.33,196440.10,1606771.00,38418.50,29932.00,495582.60,420640.90,1340701.00,314114.00,306416.00,323718.13,74.19,112.54,70.28,64.86,13.72,10,10,0.012540,0.001830,0.003366,0.012540; 0.001989; 0.002014; 0.001858; 0.001843; 0.001900; 0.001955; 0.001837; 0.001862; 0.001830
convolution,50,2,2,1,0.009495,0.227954,0.002164,CORRECT,CORRECT,0.232362,22183986.70,22295451.00,22183660.50,22101131.00,58354.51,847918022.80,863610462.00,847257477.00,830171562.00,10997299.11,372532600.20,376376842.00,372838544.50,366383037.00,2695107.15,858005.80,972230.00,861818.50,793082.00,56450.62,15031925.50,15172523.00,15022656.50,14912646.00,104057.63,27600456.30,27704903.00,27598277.50,27496297.00,60820.93,5206.17,5312.09,5222.35,5119.45,61.06,915201791.90,958074720.00,912218887.50,894100486.00,16535053.06,1278812929.00,1330654529.00,1275597822.50,1250689328.00,20264881.19,2367072522.30,2402510419.00,2360822148.00,2349271166.00,15506512.00,2444718.10,2468925.00,2442334.50,2428519.00,13847.06,156688.30,159009.00,157062.50,153522.00,1749.18,53636.00,79979.00,50667.50,40424.00,12554.13,2496358924.50,2552318313.00,2493323692.00,2461501729.00,27232910.28,842348.50,913935.00,837889.50,802895.00,36116.62,591795.50,675492.00,572621.50,570018.00,38854.61,250626.70,281478.00,241717.00,225802.00,20466.40,42161423.20,42416975.00,42155527.50,41969296.00,129126.33,877929352.50,1018903346.00,851114554.50,829179369.00,62588132.84,384784013.90,450645145.00,374806030.50,369860481.00,24330835.14,15109458.20,17344003.00,14705201.00,14417250.00,934103.33,572638510.30,586302292.00,574770059.50,554997167.00,8119406.08,5206.17,5312.09,5222.35,5119.45,61.06,10,10,0.271774,0.220998,0.015525,0.240399; 0.271774; 0.232165; 0.221801; 0.220998; 0.222193; 0.235221; 0.223743; 0.221313; 0.234017,0.002119,70146.60,79448.00,69028.50,68581.00,3317.49,1491325.60,1524833.00,1493540.50,1461396.00,19435.31,411788.80,431055.00,411904.50,397146.00,9660.98,52742.20,62652.00,50978.50,49851.00,4112.99,12277.10,22975.00,10970.00,9345.00,3971.15,70540.30,79753.00,68902.00,65407.00,5036.91,74.03,82.06,74.02,68.91,3.52,1170268.80,1409071.00,1139838.00,1090885.00,96744.99,3386668.90,3733775.00,3334945.50,3269519.00,142865.80,6720979.70,6871610.00,6711847.50,6574803.00,110771.87,3282.00,3616.00,3252.00,3060.00,158.96,1703.50,1766.00,1696.50,1665.00,37.32,2442.80,2689.00,2398.00,2292.00,136.22,5391257.10,9023985.00,5003467.50,4891520.00,1277498.83,49074.60,56529.00,47684.00,47129.00,3138.41,22376.30,26788.00,22135.50,20192.00,1957.62,26758.80,29988.00,26516.50,24225.00,1915.48,76009.90,84198.00,75836.00,67976.00,5529.71,1488914.20,1531668.00,1483540.50,1475042.00,16918.01,412476.00,432320.00,410464.50,404303.00,8295.16,38953.20,43899.00,40381.50,28538.00,4954.36,1161313.00,1219032.00,1160048.50,1112990.00,37583.19,74.02,82.05,74.01,68.91,3.52,10,10,0.002341,0.001915,0.000142,0.002341; 0.002197; 0.002273; 0.002029; 0.001963; 0.002170; 0.001915; 0.002159; 0.002173; 0.001971
convolution,50,4,4,1,0.008804,0.236187,0.002079,CORRECT,CORRECT,0.344798,42309825.10,45830420.00,41783628.50,40745956.00,1500073.05,1336219463.60,1696086481.00,1309323132.50,1177816641.00,142244386.41,529647023.40,598057515.00,519141119.00,504300797.00,27755129.49,1064778.50,2761971.00,866893.00,826071.00,598076.41,17409419.80,18881183.00,17253367.00,17009590.00,547620.53,55118339.20,60920011.00,54453710.50,52730364.00,2442021.69,13896.09,88903.77,5427.01,5362.85,26357.57,2206242192.20,2281076222.00,2201666163.50,2122010334.00,49130220.38,3333539234.80,3433960269.00,3338291029.00,3230254414.00,54639828.38,4831186378.30,5119921643.00,4808186234.50,4730476666.00,117010191.02,2435234.10,2460990.00,2431402.50,2419705.00,12951.48,189958.30,201218.00,189116.50,184904.00,4759.87,53128.50,62280.00,52407.00,43421.00,5588.60,3431583526.40,3564249979.00,3477118013.00,3220759120.00,127452578.69,885044.60,1049278.00,868263.50,797394.00,86302.47,610821.70,734568.00,582217.00,560349.00,58869.86,274269.40,337090.00,278998.50,232138.00,35733.09,69275401.60,70473401.00,69272233.50,67919600.00,819080.51,1323495631.20,1526401241.00,1317597010.00,1166063937.00,110854976.10,524950234.50,580282310.00,517923193.50,508089511.00,21325427.39,31489359.10,38631246.00,30962726.00,27509550.00,3142355.52,2673630828.90,2780797683.00,2669160993.50,2579982163.00,54391986.81,13896.09,88903.77,5427.00,5362.85,26357.57,10,10,1.321948,0.230410,0.343357,0.238613; 0.234742; 1.321948; 0.230410; 0.234524; 0.243732; 0.232009; 0.239627; 0.236476; 0.235898,0.002083,77876.00,99188.00,75160.00,71421.00,8167.76,1899545.60,2179829.00,1853059.50,1709900.00,180176.04,541485.40,671465.00,521623.00,460418.00,79884.85,63392.20,115423.00,56597.50,55601.00,18427.47,12525.80,18505.00,11074.50,8828.00,3099.72,84560.40,118119.00,80176.50,74691.00,13284.24,74.23,83.61,74.07,59.40,7.49,1497798.50,2378452.00,1363663.50,1198357.00,348346.78,5392093.90,6619612.00,5224641.00,4913092.00,582921.90,9390407.20,10946374.00,9071888.00,8703693.00,732792.51,3367.90,3484.00,3367.50,3258.00,66.69,1752.80,1808.00,1742.50,1709.00,28.59,2728.80,2821.00,2730.00,2627.00,56.57,6080219.00,7182993.00,5889811.00,5714108.00,501888.57,54812.90,60485.00,54441.00,52979.00,2083.56,25403.90,28381.00,25530.00,22392.00,1548.78,29467.70,32270.00,29084.00,27339.00,1552.10,83898.10,96291.00,83742.50,76504.00,5689.13,1922093.10,2356474.00,1871555.00,1717260.00,210549.32,549873.30,733582.00,522192.00,460735.00,92547.22,43182.60,94915.00,38398.00,30130.00,18529.22,3036802.80,3832718.00,2956420.00,2667658.00,346215.91,74.23,83.61,74.07,59.40,7.49,10,10,0.002296,0.001858,0.000145,0.002153; 0.002279; 0.002166; 0.001978; 0.001928; 0.002018; 0.002296; 0.002128; 0.002031; 0.001858
convolution,50,8,8,1,0.006327,0.308213,0.001950,CORRECT,CORRECT,0.302116,62550822.70,66651057.00,63036614.00,55647527.00,3327698.39,2104794320.80,2499417389.00,2120597713.00,1730416263.00,213385975.82,764575796.70,885735378.00,770343813.50,638641480.00,71722220.11,2149786.90,12218689.00,1000513.50,880711.00,3541277.88,21217369.40,24111127.00,20983963.00,20402650.00,1064491.31,82596047.70,89554398.00,83980198.00,72807745.00,4908342.22,6864.93,7624.46,6778.70,6252.60,550.92,7261982472.80,8691143812.00,7321869785.00,6032823976.00,830079253.06,9538951050.30,11311674474.00,9643533792.00,8102670868.00,975159252.22,11707434018.90,13299845682.00,11598767885.50,10392839464.00,1127540705.42,2476615.80,2762015.00,2448287.50,2435353.00,100554.28,251605.40,326151.00,243000.00,236323.00,26724.72,95649.50,326609.00,58702.50,49353.00,87483.83,5452635681.70,6120219111.00,5463791902.50,4751819598.00,476030374.69,945171.60,1218054.00,906504.00,794367.00,128600.16,671661.40,811359.00,646537.50,607228.00,64811.36,273551.00,406690.00,259979.00,182931.00,65505.79,97570529.90,115530696.00,96583017.50,88848566.00,7752721.63,2180141892.00,2441517591.00,2249870381.00,1730925042.00,218175063.23,779147097.10,882174311.00,779859868.00,723564531.00,55077226.59,98096509.20,104278521.00,99797504.00,87406743.00,5923918.19,8348185611.60,9932807442.00,8471248358.50,7104801857.00,855396149.90,6864.93,7624.46,6778.70,6252.60,550.92,10,10,0.343243,0.246110,0.032538,0.316168; 0.290354; 0.318095; 0.298147; 0.300257; 0.246110; 0.343243; 0.339897; 0.316371; 0.252521,0.002074,91327.60,114313.00,88491.00,82987.00,9669.31,2629474.70,3861627.00,2470192.50,2242777.00,470100.39,761421.60,1279347.00,702167.50,594000.00,200018.18,75912.10,114414.00,72018.00,69145.00,13617.39,14477.40,37053.00,12147.00,10708.00,7959.86,109425.40,136184.00,104287.50,96174.00,14989.67,77.70,99.85,75.84,64.96,9.40,1915115.60,2351282.00,1868067.00,1670152.00,237803.17,9443168.10,12144623.00,8997913.50,8497315.00,1081887.34,14548875.00,20885996.00,14026159.50,13096771.00,2272851.48,4423.80,9012.00,3920.50,3770.00,1618.73,2046.10,3076.00,1938.00,1889.00,363.15,4157.20,8844.00,3631.50,3517.00,1651.18,8244949.70,9589425.00,7985267.50,7449616.00,699971.24,67255.20,69256.00,67313.00,64655.00,1351.63,31493.70,33679.00,31454.50,29443.00,1399.48,35839.80,37302.00,36201.50,32199.00,1535.77,108071.80,120026.00,106634.50,97560.00,6685.95,2753703.70,4694426.00,2414013.00,2165149.00,754058.44,818077.60,1687898.00,657505.00,560082.00,338386.84,47512.00,55194.00,48420.50,34721.00,5985.68,7031899.80,9634833.00,6507093.00,6164507.00,1048263.92,77.70,99.85,75.84,64.95,9.41,10,10,0.002745,0.001811,0.000283,0.002745; 0.002295; 0.002124; 0.002201; 0.001910; 0.001937; 0.001963; 0.001873; 0.001886; 0.001811
convolution,50,16,16,1,0.005341,0.435046,0.002324,CORRECT,CORRECT,0.438909,107173419.00,109363198.00,107287450.00,104564460.00,1607825.04,4650394525.30,4996404894.00,4610763842.50,4401622538.00,194728132.98,1446154150.60,1490844435.00,1442661832.00,1411755641.00,24455171.82,1061956.70,1190667.00,1097883.00,868974.00,97620.56,31035117.60,31439899.00,30990970.50,30805692.00,230693.69,175835293.70,190467594.00,176693045.50,162277389.00,8918257.30,18983.03,93742.10,10550.31,10250.19,26271.68,24944139566.20,25626547095.00,24890950848.50,24530028770.00,333148067.46,30655694730.10,31397416328.00,30630547113.00,30074700932.00,413910272.30,36119958116.10,38051179455.00,35929331835.50,34932888882.00,1064595340.09,2475704.20,2526763.00,2473117.00,2452146.00,19646.42,350052.80,361595.00,350656.50,339442.00,7840.53,162511.60,277261.00,162073.00,100062.00,47148.00,10797589779.10,11263246242.00,10794333815.50,10429671800.00,299277818.22,1105353.50,1454451.00,1095482.50,819861.00,161598.46,836282.50,1083112.00,835484.50,568960.00,131512.29,269167.80,371375.00,253845.50,243171.00,37863.05,190458206.80,199457032.00,194480559.50,175872097.00,8625993.57,4624245669.80,5516521665.00,4576474989.50,3975367781.00,377642530.72,1440349631.30,1502374307.00,1435979566.00,1409392435.00,26950444.80,500985532.70,542875782.00,502130495.50,463394711.00,29245512.64,26703189346.90,27361833877.00,26685967616.50,26237721554.00,322161673.81,18983.03,93742.09,10550.31,10250.19,26271.68,10,10,0.467484,0.425192,0.013212,0.467484; 0.437901; 0.434778; 0.429232; 0.435568; 0.457702; 0.431142; 0.434842; 0.425192; 0.435250,0.002505,660291.60,3208955.00,121077.50,101317.00,1149144.31,24231063.20,115216395.00,4319920.50,3733675.00,41913293.60,10098693.00,50689323.00,1231755.00,963833.00,18702161.08,92647.90,121739.00,89655.00,83389.00,10564.21,15012.10,20426.00,14257.50,11775.00,2739.18,932030.80,4705082.00,152298.50,121382.00,1668059.88,98.25,167.02,89.03,81.39,25.39,34354760.50,167437121.00,3624725.00,2958233.00,63457208.36,88759574.00,382902810.00,20691990.00,19695534.00,139888663.03,62202999.70,317005209.00,28534839.50,27123053.00,90534448.18,10328.90,29210.00,5542.50,4847.00,9210.60,2193.60,2449.00,2157.00,2084.00,112.00,5221.00,5522.00,5217.00,4826.00,219.60,95280431.10,329968499.00,12670219.00,11717968.00,134671972.79,85117.70,88189.00,85853.00,81176.00,2846.71,43632.30,47792.00,43681.00,39830.00,2346.95,41506.70,46843.00,41663.50,36598.00,3128.17,440177.30,2977791.00,154734.50,137437.00,891876.17,4150059.60,4569862.00,4091762.50,3595747.00,311691.19,1162171.20,1386279.00,1103059.50,928163.00,151681.72,4170807.10,21730783.00,231103.00,171230.00,8159414.47,80250515.50,352491296.00,17158177.00,15899999.00,129870160.28,98.25,167.01,89.03,81.39,25.38,10,10,0.004072,0.002167,0.000575,0.004072; 0.002747; 0.002434; 0.002211; 0.002319; 0.002328; 0.002167; 0.002245; 0.002198; 0.002330
matrixmul,256 32,1,1,1,0.011018,1.146845,0.012636,CORRECT,CORRECT,1.171346,180010401.40,181649541.00,179942675.00,179049270.00,671822.11,1445763288.70,1470674942.00,1442307501.00,1441703841.00,8923064.51,730308376.10,743225606.00,728568042.50,728264657.00,4613374.85,2396671.90,6093424.00,1969769.50,1772873.00,1307066.45,72885325.60,74792679.00,72765715.50,71736026.00,798159.05,225993029.00,228968623.00,225892453.50,224247818.00,1425055.04,21478.42,21895.63,21422.87,21313.17,176.52,3155750158.40,3346165445.00,3132656933.00,3096704009.00,73612313.24,3278959502.00,3532750196.00,3246602097.00,3209769332.00,98198728.40,5678644508.40,5994939295.00,5642542858.50,5593501180.00,114023780.44,10172907.90,10239742.00,10160523.00,10124174.00,38636.36,643357.10,664960.00,643761.00,615700.00,15095.89,213451.70,282485.00,195299.00,165276.00,39209.21,6016747575.40,7321036919.00,5873870324.50,5866237065.00,458293374.25,2948559.00,10737533.00,1908507.50,1277812.00,2796530.57,1512240.80,6978379.00,801486.50,593006.00,1941257.67,1436430.10,3759204.00,1108291.50,684911.00,868329.25,302851500.60,320538052.00,299903262.00,297461516.00,7884117.52,1448479818.00,1470715065.00,1442102841.00,1440081881.00,11476469.49,731482181.10,741971207.00,728451300.50,727354783.00,5447792.04,60741275.40,76122372.00,58713120.00,58437255.00,5482524.91,55751112.10,76228353.00,54680639.00,46106029.00,8756166.87,21478.42,21895.63,21422.87,21313.17,176.52,10,10,1.321249,1.140929,0.055927,1.321249; 1.147135; 1.179236; 1.146554; 1.143426; 1.143940; 1.140929; 1.197853; 1.150443; 1.142691,0.012635,18440636.60,18798964.00,18513201.50,17927015.00,300304.14,68859143.60,68912681.00,68847991.50,68843590.00,23675.13,17347049.60,17379145.00,17341052.50,17335736.00,14008.68,57495.20,92272.00,47904.50,47055.00,18256.54,25102.20,46735.00,21404.50,18345.00,9236.53,90638.50,126134.00,82536.00,78710.00,18327.59,447.76,474.33,445.11,441.62,9.55,27856935.30,30419108.00,27541516.00,26867084.00,1104982.03,30594898.60,35364801.00,29754491.00,29385070.00,1881349.96,108208961.20,110619941.00,107970908.00,107651635.00,861260.55,3456.20,6110.00,3102.50,3011.00,947.18,2487.30,2566.00,2501.00,2321.00,82.01,2850.70,6291.00,2441.00,2164.00,1241.64,182350284.00,182425210.00,182337346.50,182323783.00,31454.82,56833.60,91858.00,52313.50,43827.00,15740.55,24615.50,39506.00,23384.50,20337.00,5740.45,32289.30,52399.00,28739.50,23570.00,10351.13,104126.90,138959.00,97443.50,88500.00,16752.12,69030066.60,70449198.00,68845737.50,68843670.00,504360.23,17430590.50,18106426.00,17340684.00,17339099.00,241228.71,83920.00,166567.00,62829.00,59188.00,43019.55,597196.20,1791042.00,455050.50,374099.00,435874.14,447.76,474.33,445.10,441.61,9.55,10,10,0.012726,0.012555,0.000059,0.012627; 0.012650; 0.012595; 0.012726; 0.012555; 0.012712; 0.012571; 0.012679; 0.012645; 0.012586
matrixmul,256 32,2,2,1,0.008853,0.930576,0.008238,CORRECT,CORRECT,0.935257,184388631.60,185120605.00,184374748.00,183420861.00,421464.65,2615300522.10,2626350839.00,2613711958.00,2607558316.00,6052327.94,1220256672.30,1224351339.00,1220169496.00,1217647735.00,1960486.05,3331050.00,3525877.00,3308166.00,3203939.00,103190.84,73081960.40,73863687.00,73079853.50,72613701.00,381618.62,231617206.40,233963257.00,230923140.00,230224721.00,1485315.62,17752.19,19310.91,17422.07,17357.61,693.89,4021131376.90,4067369572.00,4021396309.50,3980259554.00,27601279.11,4937354017.00,4992953740.00,4938658811.50,4892415201.00,30630930.93,8979780976.50,9879269162.00,8825180239.00,8801996176.00,350550537.91,10317319.50,10354138.00,10317029.00,10291082.00,20118.68,561164.80,616534.00,543269.00,527399.00,32854.48,230663.30,254807.00,237196.00,201275.00,19240.24,8596158298.20,8625776653.00,8601030405.50,8566525128.00,20520002.05,3324856.90,4401130.00,3171458.00,3026262.00,401797.46,2040248.40,2575868.00,1990906.00,1880243.00,196115.81,1284666.00,1825363.00,1200446.50,1116894.00,211247.23,307915375.50,310124185.00,307580959.50,306317941.00,1059318.77,2618478759.30,2655645500.00,2616102053.00,2597354004.00,18819131.25,1221626077.80,1234863832.00,1220775823.00,1213047495.00,7062343.36,26200313.70,28337318.00,26086261.00,25603203.00,788773.91,1510029288.20,1533150629.00,1509563037.00,1495820379.00,11078258.00,17752.19,19310.91,17422.07,17357.61,693.90,10,10,0.981190,0.885536,0.027828,0.930342; 0.930810; 0.938464; 0.963088; 0.923763; 0.961538; 0.908867; 0.928967; 0.981190; 0.885536,0.008212,18592082.40,19050772.00,18564026.00,18226933.00,318735.12,75811124.80,76101074.00,75806634.00,75599729.00,125155.16,18791299.70,18871563.00,18797010.00,18713078.00,40458.89,60768.00,72057.00,58241.50,55863.00,5873.65,29901.10,48469.00,27843.50,22941.00,7670.03,120429.70,131301.00,119520.00,112755.00,5947.23,374.31,378.11,375.13,367.70,3.44,29488093.20,29864019.00,29522638.50,29146985.00,248330.65,75186286.10,76192984.00,75370533.00,73735273.00,702116.34,166804423.10,168888405.00,166552003.00,165527140.00,1117150.19,4177.30,6032.00,3927.00,3668.00,713.53,3815.10,4123.00,3787.50,3718.00,119.92,3286.80,6233.00,2986.50,2653.00,1051.16,204978353.50,205189086.00,204965693.50,204761124.00,136469.46,55091.00,57079.00,54846.00,53455.00,1183.27,25206.30,26746.00,24844.00,24309.00,843.30,29915.30,31605.00,29789.50,29197.00,704.01,136879.20,152373.00,136538.50,128876.00,6558.06,75780284.00,75973441.00,75766344.00,75642158.00,107011.84,18781643.20,18885896.00,18777036.50,18723015.00,48587.20,73453.20,86682.00,71874.50,64076.00,6396.89,46275444.80,46880839.00,46387940.00,45066081.00,515901.71,374.31,378.10,375.13,367.70,3.43,10,10,0.008460,0.007987,0.000168,0.008406; 0.008089; 0.008339; 0.008245; 0.008460; 0.008291; 0.008061; 0.007987; 0.008232; 0.008009
matrixmul,256 32,4,4,1,0.006924,0.808082,0.005595,CORRECT,CORRECT,0.900832,232666888.80,234283561.00,232726790.00,230761839.00,1124665.91,3501374457.80,3538448815.00,3495681459.00,3466217544.00,26645622.50,1592376628.70,1607070785.00,1592724392.50,1571862982.00,13789728.65,6531231.50,6770789.00,6533196.00,6233603.00,182784.37,76923073.90,78771923.00,77015774.50,74747382.00,1474729.91,298407909.90,302428367.00,298312357.50,294677544.00,2389541.17,16028.09,16811.07,15796.12,15605.32,451.77,7595439077.20,7860976127.00,7557366102.50,7337665371.00,196058470.08,10490559566.30,10928361148.00,10373224537.50,10186482564.00,283495939.32,15140982303.70,15653780657.00,15033135563.50,14950299789.00,257523544.80,10244007.20,10340192.00,10252638.50,10161124.00,64381.70,612159.80,663558.00,603049.50,584505.00,27726.14,332785.00,425098.00,319256.00,281062.00,45666.39,10685719867.40,10902559671.00,10677634164.50,10536640427.00,118822643.83,6452153.80,6596180.00,6484423.50,6191552.00,125429.10,5005268.40,5159387.00,5019957.50,4652779.00,139593.54,1446966.40,1538750.00,1468605.50,1358048.00,67707.84,379042512.00,384441213.00,378981996.00,372062195.00,3514309.04,3512057688.60,3577880510.00,3501128020.50,3448525452.00,42466937.81,1598052752.60,1633740088.00,1591614776.50,1570637023.00,20893828.42,42652225.90,44748062.00,42844788.50,38970952.00,1810335.07,6900810702.80,7218075932.00,6833351094.50,6612659625.00,210834692.54,16028.09,16811.07,15796.12,15605.32,451.77,10,10,1.801141,0.756078,0.317408,1.801141; 0.843959; 0.794290; 0.806443; 0.809720; 0.787386; 0.817349; 0.767728; 0.824221; 0.756078,0.005581,18531662.70,19014353.00,18634443.50,18039206.00,324170.41,88977146.70,89299075.00,88935849.00,88666266.00,211710.81,21257151.40,21395854.00,21251948.00,21158578.00,71326.12,74462.20,123005.00,67810.00,64879.00,17634.47,31684.20,48583.00,30853.00,24252.00,6718.41,273955.60,328056.00,276062.50,225941.00,26711.74,338.97,347.18,340.09,327.81,5.27,32931928.20,36678010.00,32309946.50,31762452.00,1624732.10,164987491.20,172036237.00,164105958.50,162338203.00,2911983.50,279880195.40,282526810.00,279734084.00,276980524.00,1623816.07,4554.70,4896.00,4539.50,4106.00,278.84,3965.20,4079.00,3940.00,3832.00,84.60,3402.50,3767.00,3398.00,2998.00,243.05,246643771.60,247664724.00,246562169.50,245971901.00,531939.06,74799.10,125471.00,64404.00,60929.00,21369.06,33013.70,59384.00,28259.50,25208.00,11197.98,41851.00,66061.00,37402.50,33623.00,10319.37,275339.50,307518.00,282433.50,234959.00,25622.54,89125059.10,90053585.00,89051881.00,88714575.00,401080.34,21283143.30,21427074.00,21268372.50,21176708.00,85294.54,80392.70,112422.00,76504.00,70081.00,11704.13,136850618.30,141468385.00,136543231.50,134907943.00,1773721.82,338.97,347.17,340.08,327.81,5.27,10,10,0.005807,0.005389,0.000145,0.005659; 0.005690; 0.005807; 0.005686; 0.005532; 0.005468; 0.005425; 0.005450; 0.005389; 0.005707
matrixmul,256 32,8,8,1,0.005112,0.984320,0.005031,CORRECT,CORRECT,0.982131,278018483.40,287510205.00,278029626.50,271367507.00,5424037.58,5138796594.70,5736056030.00,5161509610.00,4730753178.00,308527607.96,2258174353.60,2485302123.00,2272802679.50,2089470650.00,122209352.57,9440633.60,12329417.00,9082680.00,8033538.00,1449948.99,86306302.00,88950880.00,85639185.00,84443172.00,1535507.41,363823336.80,379402347.00,366919021.50,350513466.00,9003278.68,20374.59,21634.86,20596.59,18477.04,1032.26,19822138391.90,22869886631.00,20035259580.00,17528225893.00,1825133139.59,25720056997.20,29946693659.00,25609915649.00,22786505820.00,2334350405.09,32990987186.30,37645634919.00,33694356008.00,28547499152.00,2842170871.29,10574893.80,10675810.00,10568781.00,10489808.00,61452.58,642279.40,656545.00,645189.00,624848.00,9551.47,533328.20,633458.00,550053.00,432556.00,75260.39,14608094491.50,15543451201.00,14527925415.50,14091252813.00,443639037.40,8559031.20,9210909.00,8488741.00,8082641.00,370064.58,6969238.90,7387440.00,6968283.50,6647792.00,254581.14,1589815.40,1977675.00,1529137.00,1429735.00,168454.37,447839348.90,474852927.00,444879292.50,435013083.00,12025194.87,5248345895.50,5826680835.00,5217009751.00,4833614226.00,289713569.41,2303416890.10,2527001552.00,2293127841.50,2137528817.00,118417692.93,110072964.30,125520770.00,110741646.50,96136800.00,10333114.59,20791436148.20,24170783386.00,20831479169.00,18398545678.00,1968929979.04,20374.58,21634.85,20596.59,18477.05,1032.26,10,10,1.070765,0.891399,0.063195,1.044292; 1.065473; 0.910336; 0.952693; 0.987329; 0.891399; 0.927937; 0.981311; 1.070765; 0.989772,0.004902,18784335.50,19489455.00,18780174.50,18363448.00,340420.23,116092710.90,118476765.00,116158759.50,114228087.00,1194778.62,26498457.50,27443702.00,26390291.50,25963449.00,408663.49,120970.40,348179.00,91769.50,82842.00,81181.92,33955.00,73923.00,29819.00,23259.00,14786.76,428513.30,577463.00,415294.50,365209.00,63837.07,344.13,352.39,342.02,335.74,5.67,40336953.90,52537072.00,38485061.50,37690485.00,4627605.67,348902628.50,401213472.00,343267720.00,339085433.00,18690391.12,515326256.00,541375740.00,509198971.00,506317080.00,13802995.00,7005.30,8903.00,6559.00,5888.00,1108.45,4234.90,4418.00,4231.00,4095.00,86.25,4794.90,6421.00,4480.00,4177.00,832.96,331087312.80,333690293.00,330605211.50,328223740.00,1653051.04,89120.30,129129.00,83867.50,79238.00,14573.98,38249.60,63105.00,35611.50,32774.00,9200.86,50905.80,66296.00,49704.00,45428.00,5703.16,428472.70,523013.00,427742.00,372497.00,43702.25,115669446.40,116470042.00,115432206.50,114933311.00,536094.35,26374816.50,26801584.00,26274226.50,26104663.00,219512.08,135521.70,276796.00,105052.50,85762.00,67498.67,321821915.00,361050088.00,317692467.50,313639369.00,13907539.77,344.13,352.39,342.01,335.74,5.67,10,10,0.005379,0.004367,0.000409,0.005297; 0.005080; 0.004983; 0.005379; 0.005277; 0.005225; 0.004367; 0.004483; 0.004462; 0.004470
matrixmul,256 32,16,16,1,0.002979,1.411606,0.004204,CORRECT,CORRECT,1.524410,392375849.50,402480229.00,392112150.50,383867311.00,6230636.61,9963647004.20,10225328515.00,9990925068.00,9724071808.00,171121131.76,4150536390.60,4251297878.00,4142087635.00,4067708946.00,65318757.79,17063244.40,30439744.00,13951516.00,13064611.00,6289800.18,103926122.90,110773132.00,102836539.50,100761105.00,3295679.95,600837608.60,641589454.00,601049832.50,565636981.00,24853938.58,29064.44,29691.02,29151.40,28180.45,495.98,68373318896.50,70982570657.00,69229798570.50,65431628612.00,1999499005.41,82893820742.80,85691128286.00,84002026806.50,79356273758.00,2369690228.61,94976592926.70,98327148541.00,95566642824.50,91293880302.00,2409540218.27,11598250.50,11851785.00,11583296.00,11449039.00,114062.43,762206.10,788916.00,755738.00,743277.00,18013.03,1095966.50,1349190.00,1076278.50,935832.00,129506.22,25620217211.20,26425664087.00,25507566561.50,24735040506.00,588833138.95,16587976.80,21566403.00,16635724.00,12414580.00,2605626.10,14826868.50,19730030.00,14936783.00,10795056.00,2510005.23,1761231.60,2385893.00,1706401.50,1572438.00,233873.27,707671005.80,734963809.00,708925650.50,662876477.00,22116176.29,10126895851.80,10387880765.00,10134066049.50,9736160472.00,207123179.41,4177612970.60,4308971714.00,4173808721.00,4067943176.00,69037861.91,533633952.20,625603191.00,546860110.00,389987849.00,65790374.06,70625295148.20,73318837993.00,71297048204.00,67312039960.00,2043224348.66,29064.43,29691.02,29151.40,28180.44,495.99,10,10,2.513503,1.363924,0.351267,1.438336; 1.410609; 2.513503; 1.533377; 1.449589; 1.367055; 1.412603; 1.376829; 1.363924; 1.378272,0.005740,22703622.90,23477966.00,22655162.00,21785214.00,552427.18,171877939.70,174302661.00,173187862.50,166762505.00,2580857.14,37222885.60,37829488.00,37373598.50,36203626.00,522699.36,115788.50,177276.00,110693.00,101314.00,21885.57,30727.00,48779.00,27699.50,25044.00,7817.53,614634.70,647981.00,615365.00,579411.00,25500.67,385.96,402.01,390.25,353.95,14.66,81901922.40,119656683.00,77832691.00,66457652.00,14074756.38,813594276.30,845141681.00,832532567.50,630720585.00,64716544.04,1103673046.40,1133451243.00,1115856525.50,1040239651.00,33575146.99,137913.50,949883.00,22940.00,14885.00,294061.18,5242.90,5389.00,5255.00,5026.00,98.92,6580.60,7762.00,6256.50,6075.00,606.97,521648670.50,557103707.00,520145020.50,499894416.00,16734569.09,110842.60,150065.00,106582.50,98223.00,14897.41,52517.50,75549.00,50326.00,46203.00,8817.94,58408.20,74425.00,58850.50,44262.00,8392.44,644625.10,741343.00,656136.00,578422.00,50978.92,180729312.80,249551141.00,173504201.50,167726566.00,24273535.78,41189455.90,74580452.00,37530913.00,36442122.00,11743850.40,826135.00,1106880.00,816538.00,611908.00,137642.12,745355871.30,779268958.00,761194263.00,570465815.00,62011082.96,385.95,402.00,390.25,353.94,14.66,10,10,0.010625,0.003937,0.002522,0.007203; 0.005516; 0.010625; 0.004128; 0.004234; 0.004175; 0.009563; 0.004023; 0.003937; 0.003993
smith-waterman,default,1,1,1,1.141058,0.001985,0.002265,CORRECT,CORRECT,0.001984,2303868.90,2609252.00,2274478.50,2191401.00,117587.17,6728397.00,14269031.00,5800735.50,5384572.00,2690879.59,3537263.30,7181408.00,3087008.50,2875392.00,1302600.38,348135.80,904925.00,304125.50,71998.00,236268.28,1264291.60,1350244.00,1274574.00,1122527.00,80918.19,1651899.20,2004181.00,1635491.00,1413822.00,172901.67,3194.05,4241.85,4136.94,894.86,1564.99,14806635.00,20248193.00,15503622.00,10644750.00,2979250.10,25453321.90,33992802.00,26336251.50,18910320.00,4872441.96,38003184.80,44119656.00,38561794.50,31963602.00,4502329.21,30545.40,35419.00,31339.00,25045.00,4059.86,36321.60,37169.00,36308.00,35349.00,619.09,12460.20,17412.00,14098.00,5838.00,4461.32,25301233.70,42555910.00,23479999.50,21963831.00,6125922.11,231126.00,432620.00,252242.00,64934.00,124463.57,78859.80,135055.00,82591.00,28178.00,38872.12,152354.80,297681.00,170026.50,36832.00,86917.07,1810948.90,2107029.00,1816191.50,1620761.00,158324.50,5709359.60,5817400.00,5766204.00,5380821.00,159178.05,3040212.00,3094990.00,3068088.50,2873925.00,80089.53,7206473.40,7829026.00,7055876.50,6848179.00,354682.68,2067414.80,2948516.00,2115688.50,1360558.00,570931.01,3194.05,4241.84,4136.94,894.86,1564.99,10,10,0.002046,0.001948,0.000029,0.001954; 0.002003; 0.001955; 0.001978; 0.001992; 0.001948; 0.001997; 0.001994; 0.002046; 0.001972,0.002300,46211.60,47353.00,46217.50,45587.00,551.69,1128257.70,1132954.00,1127743.00,1125784.00,2378.24,542076.70,545392.00,541755.00,539783.00,1997.55,44758.70,49672.00,44432.00,42381.00,2293.13,7988.10,17186.00,6909.50,5150.00,3352.99,45815.50,51428.00,45566.50,42734.00,2763.29,62.20,70.06,62.57,50.03,6.02,992842.90,1161317.00,950606.00,905064.00,92426.13,2277930.90,2640953.00,2197380.00,2126756.00,167610.47,5488115.80,10830404.00,4904290.50,4715506.00,1880636.98,2701.60,2816.00,2706.00,2589.00,73.00,438.20,468.00,440.50,397.00,20.84,2126.20,2358.00,2105.00,2047.00,92.18,4572707.20,4597158.00,4576819.00,4539643.00,19116.81,42717.20,46751.00,42155.50,40554.00,1794.92,22623.20,24924.00,22578.50,20910.00,1053.76,20076.10,23834.00,19789.50,18225.00,1672.10,48741.90,55123.00,48670.00,43842.00,3734.79,1125426.90,1130105.00,1124798.50,1122590.00,2207.21,541408.60,544936.00,541024.50,538827.00,1837.55,22297.90,43490.00,18795.50,14256.00,9638.23,249978.60,297328.00,246891.50,217773.00,26980.61,62.20,70.05,62.57,50.03,6.02,10,10,0.002651,0.002076,0.000186,0.002503; 0.002651; 0.002454; 0.002220; 0.002310; 0.002151; 0.002076; 0.002326; 0.002158; 0.002151
smith-waterman,default,2,2,1,1.586471,0.002151,0.003412,CORRECT,CORRECT,0.002174,3601985.40,3682142.00,3589106.50,3523766.00,53509.20,13656075.70,25113959.00,12675748.00,10507473.00,4184312.62,4550877.10,5231263.00,4501276.00,4244455.00,284188.35,300761.40,485045.00,303850.00,91245.00,126094.19,2247312.30,2513063.00,2197536.00,2142892.00,122939.31,2694043.20,2919316.00,2684599.50,2441766.00,166300.82,3299.94,4467.40,4248.16,906.96,1621.68,26914134.70,31046006.00,27700481.50,21235351.00,2990996.02,44581937.80,49480951.00,45562478.50,36044585.00,4716156.06,67092922.80,72550328.00,65851986.50,61326679.00,3819770.51,39481.20,45443.00,39618.50,34635.00,3668.38,49892.50,53721.00,49391.00,48899.00,1407.03,13583.00,22628.00,13177.50,6487.00,5302.69,44968444.20,82697394.00,40057356.50,37291203.00,13698623.13,245118.70,414704.00,273040.50,78941.00,111486.09,86203.10,137455.00,93476.50,36386.00,33573.69,158991.60,277165.00,180838.50,42960.00,78030.35,3012500.90,3190309.00,3039628.00,2829149.00,115114.86,20122266.10,49918749.00,17576759.00,10206529.00,11347169.95,4586373.30,5481469.00,4482708.00,4389258.00,329291.97,11899961.80,12215249.00,12007634.50,11266660.00,290796.38,6768773.50,7606785.00,6962986.00,5844983.00,587102.51,3299.94,4467.40,4248.16,906.96,1621.68,10,10,0.002720,0.002018,0.000202,0.002059; 0.002156; 0.002018; 0.002186; 0.002038; 0.002168; 0.002179; 0.002720; 0.002074; 0.002146,0.003464,121754.10,124093.00,121308.50,120899.00,1077.37,2257154.60,2307232.00,2256719.50,2141523.00,51662.81,1124981.40,1146330.00,1123796.50,1077588.00,21561.43,55721.30,63181.00,55050.50,52832.00,2838.35,13085.20,17114.00,13066.50,8868.00,2070.10,172074.80,178084.00,172076.00,167481.00,3411.72,85.78,95.64,86.62,77.69,6.16,4216104.30,4620216.00,4130641.50,3983891.00,217972.68,8130115.50,9224289.00,8011330.50,7482744.00,488628.64,12712393.40,13246602.00,12726834.00,12283381.00,307907.10,4386.00,6708.00,4042.50,3680.00,958.78,3072.10,3718.00,2999.50,2895.00,245.31,3234.50,7025.00,2627.50,2460.00,1470.52,9295906.20,9415929.00,9335845.50,8884906.00,156220.33,53771.90,60950.00,53211.50,51290.00,2684.06,27276.60,29736.00,27010.50,25351.00,1456.92,26531.30,33552.00,25796.00,23695.00,2880.94,178986.00,191742.00,178557.00,167493.00,6215.64,2270829.70,2493824.00,2263808.50,2143733.00,97318.51,1130411.60,1225769.00,1126685.00,1075861.00,41112.31,192161.50,257691.00,193235.50,148138.00,35767.71,4955804.00,5700812.00,4894716.50,4523319.00,348469.45,85.78,95.63,86.62,77.69,6.15,10,10,0.003917,0.003197,0.000203,0.003917; 0.003681; 0.003470; 0.003347; 0.003495; 0.003421; 0.003404; 0.003379; 0.003325; 0.003197
smith-waterman,default,4,4,1,1.983725,0.001936,0.003840,CORRECT,CORRECT,0.001957,6344222.80,6487263.00,6337526.00,6249440.00,59901.60,58954955.10,136452711.00,55838565.00,22314243.00,31735469.61,6019293.60,9928903.00,5579758.00,5456815.00,1380156.34,333509.00,540215.00,313179.50,231314.00,82295.26,4026923.00,4274396.00,4003768.00,3940289.00,101186.80,4800364.40,5032225.00,4762773.50,4699632.00,107545.53,3721.20,4458.68,4355.62,1058.74,1398.36,49894686.10,53717915.00,49262998.50,45919676.00,3009378.73,85523300.40,93333937.00,84757060.50,79217302.00,4751037.88,143315895.70,160916024.00,140360865.50,135022898.00,7801988.84,43534.30,53160.00,43084.00,37222.00,5452.21,76960.30,85502.00,76286.00,71564.00,3479.40,14210.80,25030.00,13640.00,6751.00,6777.90,140410401.40,332512185.00,125626710.50,75275935.00,70849560.20,251362.40,1051516.00,127030.50,95244.00,292326.55,88760.80,277646.00,56082.00,47192.00,70730.77,162649.20,774136.00,71803.00,46731.00,222012.94,5459886.70,6845392.00,5242570.50,5178911.00,509964.60,64084399.50,134606404.00,60225854.50,37224039.00,26481915.83,5625201.70,5815859.00,5653718.50,5348808.00,181221.90,25626513.30,28765650.00,25677522.50,21570551.00,2493135.60,22200712.00,23303265.00,22509341.00,21104350.00,826750.45,3721.20,4458.68,4355.62,1058.74,1398.36,10,10,0.002209,0.001792,0.000146,0.001968; 0.002209; 0.002137; 0.002019; 0.001821; 0.001903; 0.002061; 0.001835; 0.001821; 0.001792,0.003790,192121.80,199761.00,192050.00,187619.00,3926.36,4307256.60,4633799.00,4250994.50,4121066.00,163106.30,1995510.90,2119903.00,1973398.00,1908252.00,67484.70,64615.70,73626.00,63742.00,62143.00,3315.83,14957.80,19438.00,14829.00,9314.00,3037.77,276415.90,289279.00,275564.50,269744.00,6350.99,86.82,105.74,85.67,78.55,8.19,8232090.10,8674622.00,8230384.00,7734783.00,335650.49,17191901.40,18595367.00,17154569.00,15936812.00,857687.92,23783881.70,24666572.00,23752014.00,22624998.00,682610.42,5164.20,5422.00,5177.00,4792.00,179.45,3121.40,3192.00,3122.00,3037.00,52.64,2990.20,3061.00,3006.00,2806.00,77.57,15438290.90,16123527.00,15554344.00,14565840.00,511750.80,61214.90,71136.00,59503.50,57879.00,4031.71,30917.50,32903.00,30474.50,29292.00,1143.61,30360.30,38915.00,29119.00,27801.00,3265.44,279149.00,288328.00,277935.50,273029.00,5433.35,4275841.50,4617205.00,4226609.50,4077910.00,172293.09,1973514.30,2143074.00,1954340.50,1883484.00,85846.71,218265.30,231601.00,218727.00,197076.00,10337.80,13928913.70,15251166.00,13967578.00,12922443.00,676436.44,86.82,105.73,85.67,78.55,8.19,10,10,0.003990,0.003473,0.000175,0.003924; 0.003959; 0.003537; 0.003839; 0.003990; 0.003787; 0.003840; 0.003870; 0.003678; 0.003473
smith-waterman,default,8,8,1,1.758076,0.002058,0.003619,CORRECT,CORRECT,0.002166,11648455.10,11784190.00,11637186.50,11555489.00,76729.31,163312959.20,189034090.00,158441121.00,144071511.00,16576009.28,6682821.90,7950743.00,6383192.00,6029329.00,631098.16,361068.00,778004.00,351472.00,145304.00,186069.60,7751449.60,7857350.00,7738876.00,7695475.00,51799.13,8833144.70,9135388.00,8810299.50,8630656.00,162297.07,3699.44,4788.93,4639.02,1354.67,1611.06,111278674.00,127230655.00,109629437.50,104176005.00,6585887.59,206183881.30,225383201.00,207854051.00,174136500.00,16203748.86,341543419.60,390068098.00,339051431.50,310523105.00,24459795.74,57892.10,76341.00,57887.00,46157.00,10147.00,136934.00,143086.00,135960.50,131266.00,4980.79,22700.50,46242.00,21195.00,7928.00,12711.83,404683969.10,600863909.00,415940802.00,277028352.00,93507611.38,287905.80,524184.00,274217.50,130022.00,148013.84,119360.20,183699.00,118355.00,65186.00,48081.62,168599.60,342520.00,138284.50,64453.00,103475.46,9967834.00,10492515.00,9826705.50,9650043.00,313525.06,173239528.70,250176881.00,159045305.50,122917188.00,42540200.26,6653096.30,9020425.00,6378099.00,5933778.00,881863.39,80853854.50,108111855.00,83406242.50,51127915.00,16994933.04,59112704.10,73244160.00,57720936.00,54384920.00,5212025.75,3699.44,4788.93,4639.01,1354.66,1611.06,10,10,0.002747,0.001892,0.000292,0.002282; 0.001921; 0.002747; 0.002071; 0.001892; 0.002608; 0.002046; 0.001966; 0.002103; 0.002023,0.003773,338929.30,361463.00,341832.50,321188.00,13077.00,8422006.70,9396514.00,8381967.50,7727174.00,464919.29,3739748.00,4176434.00,3749864.50,3399337.00,215226.18,83972.40,103891.00,81971.00,78526.00,7430.07,16279.60,24021.00,15323.50,12996.00,3314.53,486338.40,519018.00,490564.50,456173.00,21155.98,94.38,101.32,92.80,87.75,4.67,15836424.90,16698056.00,15664977.50,15128408.00,526345.07,34114821.00,35530686.00,34310498.50,32441512.00,1134395.49,45169424.70,46890754.00,45244958.50,42527071.00,1439626.08,6945.50,9365.00,6683.50,6270.00,885.03,3308.50,3955.00,3330.00,2834.00,292.44,4373.90,6941.00,4087.50,3863.00,916.82,26933436.00,27739831.00,27139823.50,26088547.00,594140.28,78692.90,85432.00,77714.50,74403.00,3754.30,38572.00,45712.00,37472.00,35636.00,3218.19,40152.90,44262.00,39673.50,36363.00,2634.33,487430.20,523871.00,484501.00,460328.00,21562.68,8331581.30,9416463.00,8263330.50,7658592.00,506241.70,3700555.70,4198930.00,3680530.50,3384737.00,239474.13,268113.30,468466.00,232189.00,218798.00,76796.52,31113605.50,32326414.00,31164664.00,29632829.00,1080201.78,94.38,101.32,92.79,87.75,4.67,10,10,0.004854,0.003355,0.000468,0.004854; 0.004346; 0.003787; 0.003613; 0.003534; 0.003527; 0.003414; 0.003625; 0.003677; 0.003355
smith-waterman,default,16,16,1,1.223717,0.003605,0.004412,CORRECT,CORRECT,0.003637,22543852.20,22793670.00,22522247.50,22350224.00,126937.20,716893939.00,1750956495.00,603498760.50,551361896.00,365334829.30,14352495.40,16635758.00,14092370.00,13326803.00,965885.88,447184.10,1330928.00,359041.00,165677.00,334262.86,17733609.00,18518145.00,17612304.00,17433712.00,333569.27,19893334.50,20873184.00,19771492.00,19217913.00,518720.73,3137.17,5875.70,2114.66,1998.50,1700.07,334146199.60,345317281.00,338094276.00,315919916.00,9931461.78,835835759.40,907034888.00,826071896.00,795060160.00,34751111.09,1438255314.60,2412697021.00,1332300732.00,1244993034.00,346103564.15,71177.60,78355.00,70675.50,64887.00,4140.05,242203.00,255904.00,240927.50,233920.00,6745.49,33113.10,46245.00,32607.00,23270.00,6375.15,1268546046.10,1666860991.00,1195503430.00,1064092379.00,191435003.08,409042.20,565851.00,471621.50,197829.00,136389.47,187015.70,282998.00,197429.50,128318.00,50078.08,222057.50,321891.00,261933.50,69667.00,92557.72,21637616.70,21921004.00,21654069.50,21242791.00,192965.51,637553393.10,754157147.00,648145915.00,489187017.00,96128049.37,14169784.30,14690664.00,14139753.50,13705851.00,312157.53,434695589.00,492136651.00,423102331.00,392955066.00,30449821.18,229044409.40,246336286.00,229205575.50,212184932.00,9859139.86,3137.16,5875.69,2114.66,1998.50,1700.07,10,10,0.004120,0.003204,0.000292,0.003487; 0.003416; 0.003915; 0.004120; 0.003692; 0.003695; 0.003959; 0.003363; 0.003518; 0.003204,0.005115,704199.20,731382.00,707019.00,671767.00,19032.16,19886388.90,21514025.00,19814820.50,18784001.00,736213.52,8558717.30,9039686.00,8547714.00,8129703.00,249841.75,108722.90,143441.00,105202.50,100856.00,12432.11,18698.20,29685.00,17353.50,16223.00,3991.45,1210228.80,1249850.00,1216035.50,1153634.00,32631.37,112.56,128.75,113.12,100.15,10.21,61879723.20,173607503.00,36092460.00,27986290.00,57288781.28,140456282.70,381230853.00,83450998.50,67680692.00,125861977.50,106900153.60,109591653.00,106965248.00,102761105.00,2104403.27,10152.30,15136.00,9201.00,8608.00,2058.55,3311.70,3429.00,3290.00,3253.00,55.95,5838.90,6174.00,5765.50,5576.00,210.25,61323464.20,65593719.00,60666249.00,59111437.00,1944548.86,103513.10,121878.00,101761.00,95568.00,7226.28,60038.70,63226.00,60143.50,56569.00,2196.10,43488.80,60125.00,41883.00,39065.00,6126.13,1406145.70,3188627.00,1223006.00,1107159.00,628026.17,19732529.00,22136849.00,19571476.00,18475748.00,971017.23,8528051.30,9432611.00,8449816.50,8010706.00,384802.49,6624084.60,20711141.00,3403520.00,2253165.00,7159569.99,127332968.80,350712206.00,73874601.00,60119003.00,117297748.17,112.56,128.75,113.11,100.15,10.21,10,10,0.010561,0.003897,0.001981,0.005646; 0.004729; 0.004609; 0.004214; 0.004194; 0.003897; 0.004170; 0.010561; 0.004976; 0.004156
